THRESHOLD,SEN_AVG,SEN_STD,SEN_ERR,SEN_CI95_HI,SEN_CI95_LO,FP_AVG,FP_STD,FP_ERR,FP_CI95_HI,FP_CI95_LO
0.5725,0.7005758157389635,0.41972049633789166,0.022499380262609718,0.7446746010536786,0.6564770304242485,0.3563218390804598,0.6954278262616266,0.0372788444805045,0.42938837426224863,0.28325530389867093
0.52,0.7504798464491362,0.3922100478827733,0.021024665431222646,0.7916881906943326,0.7092715022039399,0.4827586206896552,0.786955157524422,0.04218522443685921,0.5654416605858993,0.40007558079341116
0.4675,0.8023032629558541,0.3443960637762514,0.01846156684616579,0.8384879339743391,0.7661185919373691,0.6091954022988506,0.9028462434044463,0.04839763872925608,0.7040547742081925,0.5143360303895087
0.38,0.8502879078694817,0.30753242807461234,0.016485468550394723,0.8825994262282554,0.8179763895107081,1.0028735632183907,1.1699862390343017,0.06271784562282016,1.1258005406391183,0.8799465857976632
0.2825,0.9001919385796545,0.27045363962383573,0.014497836856660899,0.9286076988187099,0.8717761783405992,1.8132183908045978,1.693230457310174,0.09076667988256845,1.991121083374432,1.6353156982347636
0.105,0.9500959692898272,0.19375426836756285,0.010386318989759507,0.9704531545097559,0.9297387840698985,5.942528735632184,5.225974413701135,0.2801416337835291,6.491606337847901,5.393451133416467
